[{"model": "auth.user", "fields": {"password": "pbkdf2_sha256$390000$GEbsOppgxblhGqlrYyIhkv$qBHHSz9eo8Z7v4W1sMa0r1Yd/3klrRogHs6Dyq8g1TY=", "last_login": "2023-03-18T06:10:49.492Z", "is_superuser": true, "username": "admin", "first_name": "Test", "last_name": "User", "email": "admin@test.com", "is_staff": true, "is_active": true, "date_joined": "2023-03-18T06:10:43.852Z", "groups": [], "user_permissions": []}}, {"model": "auth.user", "fields": {"password": "pbkdf2_sha256$390000$UMEtMeqd2jYTSQwgt1ybPH$GcYZZ4fQqqpPkQfUQrS1+tDWOHzP8ugu3inBMvkjffM=", "last_login": "2023-03-31T20:18:33.612Z", "is_superuser": true, "username": "runner", "first_name": "", "last_name": "", "email": "ghk@example.com", "is_staff": true, "is_active": true, "date_joined": "2023-03-18T19:59:45.050Z", "groups": [], "user_permissions": []}}, {"model": "auth.user", "fields": {"password": "pbkdf2_sha256$390000$jduNR89eKfSN9kOywGXYh5$le6NC9jLkCrDxLlAy2UGAAoc2Gy0kPXgShytXXKq810=", "last_login": "2023-03-18T20:03:17.700Z", "is_superuser": false, "username": "gglb12", "first_name": "ggh", "last_name": "llb", "email": "ggllb@example.com", "is_staff": false, "is_active": true, "date_joined": "2023-03-18T20:03:17.310Z", "groups": [], "user_permissions": []}}, {"model": "pickaroom.hotel", "pk": 1, "fields": {"name": "Grand Hotel", "features": "4 Floors Hotel\r\n\r\nLocated on the Calmest Area in the Country\r\n\r\nIncludes 110 Rooms in Total\r\n\r\nAlmost all of our Rooms can carry 2 holiday makers but rooms for up to 4 holiday makers can be granted upon request\r\n\r\nAmazing view of the Hills from Every Floor's Balcony\r\n\r\nIncludes lifts on all 4 floors but can only carry one person at a time\r\n\r\nRoom cleanig is done twice a week\r\n\r\nIncludes Breakfast on the Top floor with a Beautiful view of Skylines.\r\n\r\nExcellent Service Provided By our Staff", "structure_map_link": null, "post_code": "WSG 6LM", "star_rating": 5, "address": "425 Chadwell Heath, London, United Kingdom.", "image": "images/hotel2.jfif"}}, {"model": "pickaroom.hotel", "pk": 2, "fields": {"name": "Cozy Inn", "features": "6 Floors Hotel\r\n\r\nLarge Swimming for hotel users in front of the main entrance. Also, can be viewed from the balcony\r\n\r\nIncludes 200 Rooms in Total\r\n\r\nEach room can carry up to 4 holidaymakers but are available frless tha 4 as well.\r\n\r\nAmazing View of the City from the 6th Floor\r\n\r\nIncludes lifts on every Floor. Lifts large enough to carry 8 people\r\n\r\nRoom cleaning is done Every Day\r\n\r\nIncludes Breakfast on the ground floor in the Large Dining Area next to main Reception.\r\n\r\nExcellent Service Proviced by Our Staff", "structure_map_link": null, "post_code": "BN1 4LG", "star_rating": 5, "address": "425 Barking, London, United Kingdom.", "image": "images/Hotel1.jfif"}}, {"model": "pickaroom.roomtype", "pk": 1, "fields": {"name": "Small", "description": "Small"}}, {"model": "pickaroom.roomtype", "pk": 2, "fields": {"name": "Medium", "description": "Medium"}}, {"model": "pickaroom.roomtype", "pk": 3, "fields": {"name": "Large", "description": "Large"}}, {"model": "pickaroom.room", "pk": 1, "fields": {"hotel": 1, "room_type": 3, "floor": 1, "room_no": "N", "row": 1, "column": 1, "size": 3, "cost": 40.0}}, {"model": "pickaroom.room", "pk": 2, "fields": {"hotel": 1, "room_type": 2, "floor": 1, "room_no": "R", "row": 1, "column": 2, "size": 10, "cost": 35.0}}, {"model": "pickaroom.room", "pk": 3, "fields": {"hotel": 1, "room_type": 2, "floor": 1, "room_no": "1", "row": 1, "column": 3, "size": 10, "cost": 35.0}}, {"model": "pickaroom.room", "pk": 4, "fields": {"hotel": 1, "room_type": 1, "floor": 1, "room_no": "2", "row": 1, "column": 4, "size": 10, "cost": 30.0}}, {"model": "pickaroom.room", "pk": 5, "fields": {"hotel": 1, "room_type": 3, "floor": 1, "room_no": "3", "row": 1, "column": 5, "size": 10, "cost": 40.0}}, {"model": "pickaroom.room", "pk": 6, "fields": {"hotel": 1, "room_type": 2, "floor": 1, "room_no": "4", "row": 1, "column": 6, "size": 10, "cost": 35.0}}, {"model": "pickaroom.room", "pk": 7, "fields": {"hotel": 1, "room_type": 1, "floor": 1, "room_no": "5", "row": 1, "column": 7, "size": 10, "cost": 30.0}}, {"model": "pickaroom.room", "pk": 8, "fields": {"hotel": 1, "room_type": 3, "floor": 1, "room_no": "6", "row": 1, "column": 8, "size": 10, "cost": 40.0}}, {"model": "pickaroom.room", "pk": 9, "fields": {"hotel": 1, "room_type": 2, "floor": 1, "room_no": "7", "row": 1, "column": 9, "size": 10, "cost": 35.0}}, {"model": "pickaroom.room", "pk": 10, "fields": {"hotel": 1, "room_type": 1, "floor": 1, "room_no": "8", "row": 1, "column": 10, "size": 10, "cost": 30.0}}, {"model": "pickaroom.room", "pk": 11, "fields": {"hotel": 1, "room_type": 3, "floor": 1, "room_no": "9", "row": 1, "column": 11, "size": 10, "cost": 40.0}}, {"model": "pickaroom.room", "pk": 12, "fields": {"hotel": 1, "room_type": 2, "floor": 1, "room_no": "10", "row": 2, "column": 1, "size": 10, "cost": 35.0}}, {"model": "pickaroom.room", "pk": 13, "fields": {"hotel": 1, "room_type": 1, "floor": 1, "room_no": "20", "row": 2, "column": 2, "size": 10, "cost": 30.0}}, {"model": "pickaroom.room", "pk": 14, "fields": {"hotel": 1, "room_type": 2, "floor": 1, "room_no": "EL", "row": 3, "column": 1, "size": 10, "cost": 35.0}}, {"model": "pickaroom.room", "pk": 15, "fields": {"hotel": 1, "room_type": 2, "floor": 1, "room_no": "ST", "row": 3, "column": 2, "size": 10, "cost": 35.0}}, {"model": "pickaroom.room", "pk": 16, "fields": {"hotel": 1, "room_type": 1, "floor": 2, "room_no": "21", "row": 1, "column": 1, "size": 10, "cost": 30.0}}, {"model": "pickaroom.room", "pk": 17, "fields": {"hotel": 1, "room_type": 2, "floor": 2, "room_no": "22", "row": 1, "column": 2, "size": 10, "cost": 35.0}}, {"model": "pickaroom.room", "pk": 18, "fields": {"hotel": 1, "room_type": 1, "floor": 2, "room_no": "23", "row": 1, "column": 3, "size": 10, "cost": 30.0}}, {"model": "pickaroom.room", "pk": 19, "fields": {"hotel": 1, "room_type": 2, "floor": 2, "room_no": "24", "row": 1, "column": 4, "size": 10, "cost": 35.0}}, {"model": "pickaroom.room", "pk": 20, "fields": {"hotel": 1, "room_type": 1, "floor": 2, "room_no": "25", "row": 1, "column": 5, "size": 10, "cost": 30.0}}, {"model": "pickaroom.room", "pk": 21, "fields": {"hotel": 1, "room_type": 2, "floor": 2, "room_no": "26", "row": 1, "column": 6, "size": 10, "cost": 35.0}}, {"model": "pickaroom.room", "pk": 22, "fields": {"hotel": 1, "room_type": 3, "floor": 2, "room_no": "30", "row": 2, "column": 1, "size": 10, "cost": 40.0}}, {"model": "pickaroom.room", "pk": 23, "fields": {"hotel": 1, "room_type": 3, "floor": 2, "room_no": "40", "row": 2, "column": 2, "size": 10, "cost": 40.0}}, {"model": "pickaroom.room", "pk": 24, "fields": {"hotel": 1, "room_type": 3, "floor": 2, "room_no": "EL", "row": 3, "column": 1, "size": 10, "cost": 40.0}}, {"model": "pickaroom.room", "pk": 25, "fields": {"hotel": 1, "room_type": 3, "floor": 2, "room_no": "ST", "row": 3, "column": 2, "size": 10, "cost": 40.0}}, {"model": "pickaroom.room", "pk": 26, "fields": {"hotel": 1, "room_type": 2, "floor": 3, "room_no": "41", "row": 1, "column": 1, "size": 10, "cost": 35.0}}, {"model": "pickaroom.room", "pk": 27, "fields": {"hotel": 1, "room_type": 2, "floor": 3, "room_no": "42", "row": 1, "column": 2, "size": 10, "cost": 35.0}}, {"model": "pickaroom.room", "pk": 28, "fields": {"hotel": 1, "room_type": 2, "floor": 3, "room_no": "43", "row": 1, "column": 3, "size": 10, "cost": 35.0}}, {"model": "pickaroom.room", "pk": 29, "fields": {"hotel": 1, "room_type": 2, "floor": 3, "room_no": "44", "row": 1, "column": 4, "size": 10, "cost": 35.0}}, {"model": "pickaroom.room", "pk": 30, "fields": {"hotel": 1, "room_type": 3, "floor": 3, "room_no": "45", "row": 1, "column": 5, "size": 10, "cost": 40.0}}, {"model": "pickaroom.room", "pk": 31, "fields": {"hotel": 1, "room_type": 3, "floor": 3, "room_no": "46", "row": 1, "column": 6, "size": 10, "cost": 40.0}}, {"model": "pickaroom.room", "pk": 32, "fields": {"hotel": 1, "room_type": 1, "floor": 3, "room_no": "50", "row": 2, "column": 1, "size": 10, "cost": 30.0}}, {"model": "pickaroom.room", "pk": 33, "fields": {"hotel": 1, "room_type": 1, "floor": 3, "room_no": "EL", "row": 3, "column": 1, "size": 10, "cost": 30.0}}, {"model": "pickaroom.room", "pk": 34, "fields": {"hotel": 1, "room_type": 1, "floor": 3, "room_no": "ST", "row": 3, "column": 2, "size": 10, "cost": 30.0}}, {"model": "pickaroom.room", "pk": 35, "fields": {"hotel": 1, "room_type": 2, "floor": 4, "room_no": "81", "row": 1, "column": 1, "size": 10, "cost": 35.0}}, {"model": "pickaroom.room", "pk": 36, "fields": {"hotel": 1, "room_type": 1, "floor": 4, "room_no": "82", "row": 1, "column": 2, "size": 10, "cost": 30.0}}, {"model": "pickaroom.room", "pk": 37, "fields": {"hotel": 1, "room_type": 1, "floor": 4, "room_no": "83", "row": 1, "column": 3, "size": 10, "cost": 30.0}}, {"model": "pickaroom.room", "pk": 38, "fields": {"hotel": 1, "room_type": 2, "floor": 4, "room_no": "84", "row": 1, "column": 4, "size": 10, "cost": 35.0}}, {"model": "pickaroom.room", "pk": 39, "fields": {"hotel": 1, "room_type": 2, "floor": 4, "room_no": "85", "row": 1, "column": 5, "size": 10, "cost": 35.0}}, {"model": "pickaroom.room", "pk": 40, "fields": {"hotel": 1, "room_type": 2, "floor": 4, "room_no": "86", "row": 1, "column": 6, "size": 10, "cost": 35.0}}, {"model": "pickaroom.room", "pk": 41, "fields": {"hotel": 1, "room_type": 3, "floor": 4, "room_no": "100", "row": 2, "column": 1, "size": 10, "cost": 40.0}}, {"model": "pickaroom.room", "pk": 42, "fields": {"hotel": 1, "room_type": 3, "floor": 4, "room_no": "110", "row": 2, "column": 2, "size": 10, "cost": 40.0}}, {"model": "pickaroom.room", "pk": 43, "fields": {"hotel": 1, "room_type": 3, "floor": 4, "room_no": "DN", "row": 3, "column": 1, "size": 10, "cost": 40.0}}, {"model": "pickaroom.room", "pk": 44, "fields": {"hotel": 1, "room_type": 2, "floor": 3, "room_no": "EL", "row": 3, "column": 2, "size": 10, "cost": 35.0}}, {"model": "pickaroom.room", "pk": 45, "fields": {"hotel": 1, "room_type": 2, "floor": 4, "room_no": "ST", "row": 3, "column": 3, "size": 10, "cost": 35.0}}, {"model": "pickaroom.room", "pk": 46, "fields": {"hotel": 2, "room_type": 3, "floor": 1, "room_no": "N", "row": 1, "column": 1, "size": 20, "cost": 50.0}}, {"model": "pickaroom.room", "pk": 47, "fields": {"hotel": 2, "room_type": 3, "floor": 1, "room_no": "SP", "row": 1, "column": 2, "size": 20, "cost": 50.0}}, {"model": "pickaroom.room", "pk": 48, "fields": {"hotel": 2, "room_type": 3, "floor": 1, "room_no": "DN", "row": 1, "column": 3, "size": 20, "cost": 50.0}}, {"model": "pickaroom.room", "pk": 49, "fields": {"hotel": 2, "room_type": 3, "floor": 1, "room_no": "R", "row": 1, "column": 4, "size": 20, "cost": 50.0}}, {"model": "pickaroom.room", "pk": 50, "fields": {"hotel": 2, "room_type": 2, "floor": 1, "room_no": "ST", "row": 1, "column": 5, "size": 20, "cost": 45.0}}, {"model": "pickaroom.room", "pk": 51, "fields": {"hotel": 2, "room_type": 2, "floor": 1, "room_no": "EL", "row": 1, "column": 6, "size": 20, "cost": 45.0}}, {"model": "pickaroom.room", "pk": 52, "fields": {"hotel": 2, "room_type": 3, "floor": 1, "room_no": "1", "row": 1, "column": 7, "size": 20, "cost": 50.0}}, {"model": "pickaroom.room", "pk": 53, "fields": {"hotel": 2, "room_type": 3, "floor": 1, "room_no": "2", "row": 1, "column": 8, "size": 20, "cost": 50.0}}, {"model": "pickaroom.room", "pk": 54, "fields": {"hotel": 2, "room_type": 3, "floor": 1, "room_no": "3", "row": 1, "column": 9, "size": 20, "cost": 50.0}}, {"model": "pickaroom.room", "pk": 55, "fields": {"hotel": 2, "room_type": 3, "floor": 1, "room_no": "4", "row": 1, "column": 10, "size": 20, "cost": 50.0}}, {"model": "pickaroom.room", "pk": 56, "fields": {"hotel": 2, "room_type": 3, "floor": 1, "room_no": "5", "row": 1, "column": 11, "size": 20, "cost": 50.0}}, {"model": "pickaroom.room", "pk": 57, "fields": {"hotel": 2, "room_type": 3, "floor": 1, "room_no": "6", "row": 1, "column": 12, "size": 20, "cost": 50.0}}, {"model": "pickaroom.room", "pk": 58, "fields": {"hotel": 2, "room_type": 3, "floor": 1, "room_no": "7", "row": 1, "column": 13, "size": 20, "cost": 50.0}}, {"model": "pickaroom.room", "pk": 59, "fields": {"hotel": 2, "room_type": 3, "floor": 1, "room_no": "8", "row": 1, "column": 14, "size": 20, "cost": 50.0}}, {"model": "pickaroom.room", "pk": 60, "fields": {"hotel": 2, "room_type": 2, "floor": 1, "room_no": "9", "row": 1, "column": 15, "size": 20, "cost": 45.0}}, {"model": "pickaroom.room", "pk": 61, "fields": {"hotel": 2, "room_type": 2, "floor": 1, "room_no": "10", "row": 2, "column": 1, "size": 20, "cost": 45.0}}, {"model": "pickaroom.room", "pk": 62, "fields": {"hotel": 2, "room_type": 2, "floor": 1, "room_no": "11", "row": 2, "column": 2, "size": 20, "cost": 45.0}}, {"model": "pickaroom.room", "pk": 63, "fields": {"hotel": 2, "room_type": 1, "floor": 1, "room_no": "12", "row": 2, "column": 3, "size": 20, "cost": 40.0}}, {"model": "pickaroom.room", "pk": 64, "fields": {"hotel": 2, "room_type": 3, "floor": 2, "room_no": "13", "row": 1, "column": 1, "size": 20, "cost": 50.0}}, {"model": "pickaroom.room", "pk": 65, "fields": {"hotel": 2, "room_type": 3, "floor": 2, "room_no": "14", "row": 1, "column": 2, "size": 20, "cost": 50.0}}, {"model": "pickaroom.room", "pk": 66, "fields": {"hotel": 2, "room_type": 3, "floor": 2, "room_no": "15", "row": 1, "column": 3, "size": 20, "cost": 50.0}}, {"model": "pickaroom.room", "pk": 67, "fields": {"hotel": 2, "room_type": 3, "floor": 2, "room_no": "16", "row": 1, "column": 4, "size": 20, "cost": 50.0}}, {"model": "pickaroom.room", "pk": 68, "fields": {"hotel": 2, "room_type": 3, "floor": 2, "room_no": "17", "row": 1, "column": 5, "size": 20, "cost": 50.0}}, {"model": "pickaroom.room", "pk": 69, "fields": {"hotel": 2, "room_type": 2, "floor": 2, "room_no": "18", "row": 1, "column": 6, "size": 20, "cost": 45.0}}, {"model": "pickaroom.room", "pk": 70, "fields": {"hotel": 2, "room_type": 2, "floor": 2, "room_no": "19", "row": 1, "column": 7, "size": 20, "cost": 45.0}}, {"model": "pickaroom.room", "pk": 71, "fields": {"hotel": 2, "room_type": 1, "floor": 2, "room_no": "20", "row": 2, "column": 1, "size": 20, "cost": 40.0}}, {"model": "pickaroom.room", "pk": 72, "fields": {"hotel": 2, "room_type": 1, "floor": 2, "room_no": "50", "row": 2, "column": 2, "size": 20, "cost": 40.0}}, {"model": "pickaroom.room", "pk": 73, "fields": {"hotel": 2, "room_type": 3, "floor": 2, "room_no": "EL", "row": 3, "column": 1, "size": 20, "cost": 50.0}}, {"model": "pickaroom.room", "pk": 74, "fields": {"hotel": 2, "room_type": 3, "floor": 2, "room_no": "ST", "row": 3, "column": 2, "size": 20, "cost": 50.0}}, {"model": "pickaroom.room", "pk": 75, "fields": {"hotel": 2, "room_type": 3, "floor": 3, "room_no": "22", "row": 1, "column": 1, "size": 20, "cost": 50.0}}, {"model": "pickaroom.room", "pk": 76, "fields": {"hotel": 2, "room_type": 3, "floor": 3, "room_no": "23", "row": 1, "column": 2, "size": 20, "cost": 50.0}}, {"model": "pickaroom.room", "pk": 77, "fields": {"hotel": 2, "room_type": 3, "floor": 3, "room_no": "24", "row": 1, "column": 3, "size": 20, "cost": 50.0}}, {"model": "pickaroom.room", "pk": 78, "fields": {"hotel": 2, "room_type": 3, "floor": 3, "room_no": "25", "row": 1, "column": 4, "size": 20, "cost": 50.0}}, {"model": "pickaroom.room", "pk": 79, "fields": {"hotel": 2, "room_type": 3, "floor": 3, "room_no": "26", "row": 1, "column": 5, "size": 20, "cost": 50.0}}, {"model": "pickaroom.room", "pk": 80, "fields": {"hotel": 2, "room_type": 3, "floor": 3, "room_no": "27", "row": 1, "column": 6, "size": 20, "cost": 50.0}}, {"model": "pickaroom.room", "pk": 81, "fields": {"hotel": 2, "room_type": 2, "floor": 3, "room_no": "28", "row": 2, "column": 1, "size": 20, "cost": 45.0}}, {"model": "pickaroom.room", "pk": 82, "fields": {"hotel": 2, "room_type": 2, "floor": 3, "room_no": "100", "row": 2, "column": 2, "size": 20, "cost": 45.0}}, {"model": "pickaroom.room", "pk": 83, "fields": {"hotel": 2, "room_type": 1, "floor": 3, "room_no": "EL", "row": 3, "column": 1, "size": 20, "cost": 40.0}}, {"model": "pickaroom.room", "pk": 84, "fields": {"hotel": 2, "room_type": 1, "floor": 3, "room_no": "ST", "row": 3, "column": 2, "size": 20, "cost": 40.0}}, {"model": "pickaroom.room", "pk": 85, "fields": {"hotel": 2, "room_type": 3, "floor": 4, "room_no": "31", "row": 1, "column": 1, "size": 20, "cost": 50.0}}, {"model": "pickaroom.room", "pk": 86, "fields": {"hotel": 2, "room_type": 3, "floor": 4, "room_no": "32", "row": 1, "column": 2, "size": 20, "cost": 50.0}}, {"model": "pickaroom.room", "pk": 87, "fields": {"hotel": 2, "room_type": 3, "floor": 4, "room_no": "33", "row": 1, "column": 3, "size": 20, "cost": 50.0}}, {"model": "pickaroom.room", "pk": 88, "fields": {"hotel": 2, "room_type": 2, "floor": 4, "room_no": "34", "row": 1, "column": 4, "size": 20, "cost": 45.0}}, {"model": "pickaroom.room", "pk": 89, "fields": {"hotel": 2, "room_type": 2, "floor": 4, "room_no": "35", "row": 1, "column": 5, "size": 20, "cost": 45.0}}, {"model": "pickaroom.room", "pk": 90, "fields": {"hotel": 2, "room_type": 2, "floor": 4, "room_no": "36", "row": 1, "column": 6, "size": 20, "cost": 45.0}}, {"model": "pickaroom.room", "pk": 91, "fields": {"hotel": 2, "room_type": 1, "floor": 4, "room_no": "37", "row": 1, "column": 7, "size": 20, "cost": 40.0}}, {"model": "pickaroom.room", "pk": 92, "fields": {"hotel": 2, "room_type": 3, "floor": 4, "room_no": "38", "row": 2, "column": 1, "size": 20, "cost": 50.0}}, {"model": "pickaroom.room", "pk": 93, "fields": {"hotel": 2, "room_type": 3, "floor": 4, "room_no": "130", "row": 2, "column": 2, "size": 20, "cost": 50.0}}, {"model": "pickaroom.room", "pk": 94, "fields": {"hotel": 2, "room_type": 2, "floor": 4, "room_no": "EL", "row": 3, "column": 1, "size": 20, "cost": 45.0}}, {"model": "pickaroom.room", "pk": 95, "fields": {"hotel": 2, "room_type": 2, "floor": 4, "room_no": "ST", "row": 3, "column": 2, "size": 20, "cost": 45.0}}, {"model": "pickaroom.room", "pk": 96, "fields": {"hotel": 2, "room_type": 3, "floor": 5, "room_no": "39", "row": 1, "column": 1, "size": 20, "cost": 50.0}}, {"model": "pickaroom.room", "pk": 97, "fields": {"hotel": 2, "room_type": 3, "floor": 5, "room_no": "40", "row": 1, "column": 2, "size": 20, "cost": 50.0}}, {"model": "pickaroom.room", "pk": 98, "fields": {"hotel": 2, "room_type": 3, "floor": 5, "room_no": "41", "row": 1, "column": 3, "size": 20, "cost": 50.0}}, {"model": "pickaroom.room", "pk": 99, "fields": {"hotel": 2, "room_type": 3, "floor": 5, "room_no": "42", "row": 1, "column": 4, "size": 20, "cost": 50.0}}, {"model": "pickaroom.room", "pk": 100, "fields": {"hotel": 2, "room_type": 1, "floor": 5, "room_no": "43", "row": 1, "column": 5, "size": 20, "cost": 40.0}}, {"model": "pickaroom.room", "pk": 101, "fields": {"hotel": 2, "room_type": 2, "floor": 5, "room_no": "44", "row": 1, "column": 6, "size": 20, "cost": 45.0}}, {"model": "pickaroom.room", "pk": 102, "fields": {"hotel": 2, "room_type": 3, "floor": 5, "room_no": "45", "row": 1, "column": 7, "size": 20, "cost": 50.0}}, {"model": "pickaroom.room", "pk": 103, "fields": {"hotel": 2, "room_type": 2, "floor": 5, "room_no": "50", "row": 2, "column": 1, "size": 20, "cost": 45.0}}, {"model": "pickaroom.room", "pk": 104, "fields": {"hotel": 2, "room_type": 1, "floor": 5, "room_no": "160", "row": 2, "column": 2, "size": 20, "cost": 40.0}}, {"model": "pickaroom.room", "pk": 105, "fields": {"hotel": 2, "room_type": 3, "floor": 5, "room_no": "EL", "row": 3, "column": 1, "size": 20, "cost": 50.0}}, {"model": "pickaroom.room", "pk": 106, "fields": {"hotel": 2, "room_type": 3, "floor": 5, "room_no": "ST", "row": 3, "column": 2, "size": 20, "cost": 50.0}}, {"model": "pickaroom.room", "pk": 107, "fields": {"hotel": 2, "room_type": 3, "floor": 6, "room_no": "61", "row": 1, "column": 1, "size": 20, "cost": 50.0}}, {"model": "pickaroom.room", "pk": 108, "fields": {"hotel": 2, "room_type": 3, "floor": 6, "room_no": "65", "row": 1, "column": 2, "size": 20, "cost": 50.0}}, {"model": "pickaroom.room", "pk": 109, "fields": {"hotel": 2, "room_type": 2, "floor": 6, "room_no": "70", "row": 1, "column": 3, "size": 20, "cost": 45.0}}, {"model": "pickaroom.room", "pk": 110, "fields": {"hotel": 2, "room_type": 2, "floor": 6, "room_no": "75", "row": 1, "column": 4, "size": 20, "cost": 45.0}}, {"model": "pickaroom.room", "pk": 111, "fields": {"hotel": 2, "room_type": 1, "floor": 6, "room_no": "80", "row": 1, "column": 5, "size": 20, "cost": 40.0}}, {"model": "pickaroom.room", "pk": 112, "fields": {"hotel": 2, "room_type": 1, "floor": 6, "room_no": "85", "row": 1, "column": 6, "size": 20, "cost": 45.0}}, {"model": "pickaroom.room", "pk": 113, "fields": {"hotel": 2, "room_type": 2, "floor": 6, "room_no": "90", "row": 1, "column": 7, "size": 20, "cost": 45.0}}, {"model": "pickaroom.room", "pk": 114, "fields": {"hotel": 2, "room_type": 3, "floor": 6, "room_no": "145", "row": 2, "column": 1, "size": 20, "cost": 50.0}}, {"model": "pickaroom.room", "pk": 115, "fields": {"hotel": 2, "room_type": 3, "floor": 6, "room_no": "165", "row": 2, "column": 2, "size": 20, "cost": 50.0}}, {"model": "pickaroom.room", "pk": 116, "fields": {"hotel": 2, "room_type": 2, "floor": 6, "room_no": "170", "row": 2, "column": 3, "size": 20, "cost": 45.0}}, {"model": "pickaroom.room", "pk": 117, "fields": {"hotel": 2, "room_type": 2, "floor": 6, "room_no": "200", "row": 2, "column": 4, "size": 20, "cost": 45.0}}, {"model": "pickaroom.room", "pk": 118, "fields": {"hotel": 2, "room_type": 1, "floor": 6, "room_no": "EL", "row": 3, "column": 1, "size": 20, "cost": 40.0}}, {"model": "pickaroom.room", "pk": 119, "fields": {"hotel": 2, "room_type": 1, "floor": 6, "room_no": "ST", "row": 3, "column": 2, "size": 20, "cost": 40.0}}, {"model": "pickaroom.room", "pk": 120, "fields": {"hotel": 2, "room_type": 1, "floor": 4, "room_no": "EL", "row": 3, "column": 1, "size": 20, "cost": 40.0}}, {"model": "pickaroom.booking", "pk": 1, "fields": {"reference_no": "DXDGALVSSV", "guest": 1, "start_date": "2023-03-30", "duration": 4, "num_adults": 4, "num_children": 0, "rooms": [39, 40]}}, {"model": "pickaroom.booking", "pk": 2, "fields": {"reference_no": "RLQOKJNGAK", "guest": 2, "start_date": "2023-05-11", "duration": 10, "num_adults": 5, "num_children": 2, "rooms": []}}, {"model": "pickaroom.booking", "pk": 3, "fields": {"reference_no": "DHOTLUWWQQ", "guest": 2, "start_date": "2023-05-11", "duration": 10, "num_adults": 5, "num_children": 2, "rooms": [110, 117]}}]
